"bookId","name","year","price","pages","genre","author","publisher","slug","size","description","discount","imageUrl","publicId"
"book0030","Đàn Ông Sao Hỏa Đàn Bà Sao Kim",2019,150000,488,,,,"dan-ong-sao-h-a-dan-ba-sao-kim","14.5 x 20.5","<p><strong>Người ta thường nói rằng đàn ông và đàn bà là ""hai thái cực"" hoàn toàn khác nhau, vậy nên giữa nam giới và nữ giới luôn luôn có những sự khác biệt và thậm chí là đối lập rõ rệt. Nhưng, thực ra đàn ông và đàn bà có rất nhiều điểm chung, hiểu được điều này phụ nữ sẽ bớt nặng lòng.</strong></p><p>""Có điều gì khác biệt trong vùng não cảm xúc của đàn ông và đàn bà? Họ có thể đọc được cảm xúc của nhau và hiểu nhau đến đâu? Tại sao người ta thường đã phải cáu kỉnh, mệt mỏi, buồn phiền trong công việc, mà khi trở về nhà lại không tìm được sự chia sẻ của bạn đời? Mỗi khi người phụ nữ cáu giận, liệu có phải chỉ do lỗi của đàn ông? Còn khi người đàn ông cô đơn và muốn ở một mình, vì sao người phụ nữ lại luôn nghĩ lỗi là tại họ?</p><p>Đàn ông và đàn bà, hai cá thể độc lập, hai xu hướng giải quyết vấn đề trái ngược nhau, hai thái cực của sự phức tạp và đơn giản. Một người đàn ông nghĩ và hành động một cách nhất quán. Người phụ nữ thì không hiểu được điều đó và quy về vấn đề của trái tim, cho rằng anh ta không hiểu và không quan tâm đến cô"".</p><p><i>Những mâu thuẫn mà<strong> John Gray</strong> chỉ ra trong cuốn sách rất thường gặp trong cuộc sống hiện đại, khi con người càng cố gắng vươn tới sự toàn vẹn và hoàn hảo. Đặc biệt, khi nền tảng kinh tế và nhiều chuẩn mực trong xã hội thay đổi, mối quan hệ giữa người với người cũng thay đổi theo, trong đó có quan hệ vợ chồng.</i></p>",10,"https://res.cloudinary.com/dbynglvwk/image/upload/v1660894322/bookstore/aphumtqkibcbepdmwvtc.jpg","bookstore/aphumtqkibcbepdmwvtc"
"book0070","Tin Học 10 (2021)",2021,5000,280,,,,"tin-hoc-10","17 x 24 cm","<p>Sách giáo khoa <strong>Tin Học lớp 10 </strong>(Tái bản 2021)</p>",,"https://res.cloudinary.com/dbynglvwk/image/upload/v1653963551/bookstore/a7ltltre5vgpe7r1ak91.jpg","bookstore/a7ltltre5vgpe7r1ak91"
"book0071","Sinh Học 7 (2021)",2021,8500,280,,,,"sinh-hoc-7","17 x 24 cm","Sách giáo khoa Sinh Học lớp 7 (Tái bản 2021)",2,"https://res.cloudinary.com/dbynglvwk/image/upload/v1653963370/bookstore/ivyh5pv8b50uqqolmwyj.jpg","bookstore/ivyh5pv8b50uqqolmwyj"
"book0072","Lịch Sử 7 (2021)",2021,6000,280,,,,"lich-su-7","17 x 24 cm","Sách giáo khoa Lịch Sử lớp 7 (Tái bản 2021)",20,"https://res.cloudinary.com/dbynglvwk/image/upload/v1653963583/bookstore/hpfjebw8i5cygplpl5zi.jpg","bookstore/hpfjebw8i5cygplpl5zi"
"book0022","Tiếng Anh 10 (2021)",2021,14250,280,,,,"tieng-anh-10","17 x 24 cm","Sách giáo khoa Tiếng Anh lớp 10 (Tái bản 2021)",,"https://res.cloudinary.com/dbynglvwk/image/upload/v1653963509/bookstore/zwp8wn3os3tmzmicy8sj.jpg","bookstore/zwp8wn3os3tmzmicy8sj"
"book0021","Mở Cửa Tương Lai",2021,108000,284,,,,"mo-cua-tuong-lai","14 x 20.5 cm","Biết bao nền văn minh đã đến, đã qua. Biết bao mùa trăng đầy rồi lại khuyết. Trái đất vẫn quay. Thảm họa đi rồi lại đến. Và con người vẫn mãi quay cuồng trong mong cầu, giữa ranh giới mong manh của hạnh phúc, khổ đau. Ừ, thì ngày khó khăn cứ đến, ngày gian khổ sẽ qua. Chuyện của trời sẽ vẫn cứ là chuyện của trời. Chuyện của người sẽ vẫn cuốn hút, thị phi, sẽ vẫn bày ra trên chợ đời dẫu còm nhiều còm ít. Nhưng câu chuyện đời mình, mấy ai chú ý? Ta liệu có đang quên ta, quên sứ mệnh của chính mình, quên hạnh phúc đời ta? Ngoài kia, đời dẫu biến động thế nào, người dẫu hay dở ra sao, hành trình của ta liệu có thay đổi theo cuộc đời của họ?",,"https://firebasestorage.googleapis.com/v0/b/bookstore-1844d.appspot.com/o/bo21.png?alt=media&token=b0600e8d-6b3e-4d1c-8fc3-2b64d5268a7c",
"book0018","Làm chủ bài thi MOS Excel 2016 Specialist",2019,209000,195,,,,"lam-chu-bai-thi-mos-excel-2016-specialist","13 x  20.5 cm","<p>Cuốn sách<strong> Làm chủ bài thi MOS Excel 2016 Specialist</strong> là 1 công cụ trong 6 công cụ ôn thi được xây dựng dựa trên các tiêu chuẩn của Microsoft cùng sự diễn giải dễ hiểu và phù hợp với mọi đối tượng học viên tại Việt Nam. Chúng tôi tin rằng bộ sách sẽ mang đến những kiến thức, kỹ năng cần thiết, đảm bảo độc giả tự tin vượt qua bài thi MOS Excel 2016 và hơn thế nữa là hướng đến mục tiêu làm chủ tin học văn phòng để có thể rút ngắn thời gian và nâng cao hiệu quả làm việc.</p>",,"https://firebasestorage.googleapis.com/v0/b/bookstore-1844d.appspot.com/o/bo18.png?alt=media&token=eeb7a552-43a4-4436-99ce-9521a105b6ff",
"book0026","Giáo Dục Công Dân 7 (2021)",2021,2000,70,,,,"giao-duc-cong-dan-7","17 x 24 cm","Sách giáo khoa Giáo Dục Công Dân lớp 7 (Tái bản 2021)",10,"https://res.cloudinary.com/dbynglvwk/image/upload/v1653929829/bookstore/qwncan9rg4rmfmqqb4s0.jpg","bookstore/qwncan9rg4rmfmqqb4s0"
"book0011","Tôi Thấy Hoa Vàng Trên Cỏ Xanh",2018,90700,378,,,,"toi-thay-hoa-vang-tren-co-xanh","13 x  20.5 cm","Cuốn sách viết về tuổi thơ nghèo khó ở một làng quê, bên cạnh đề tài tình yêu quen thuộc, lần đầu tiên Nguyễn Nhật Ánh đưa vào tác phẩm của mình những nhân vật phản diện và đặt ra vấn đề đạo đức như sự vô tâm, cái ác. 81 chương ngắn là 81 câu chuyện nhỏ của những đứa trẻ xảy ra ở một ngôi làng: chuyện về con cóc Cậu trời, chuyện ma, chuyện công chúa và hoàng tử, bên cạnh chuyện đói ăn, cháy nhà, lụt lội, “Tôi thấy hoa vàng trên cỏ xanh”hứa hẹn đem đến những điều thú vị với cả bạn đọc nhỏ tuổi và người lớn bằng giọng văn trong sáng, hồn nhiên, giản dị của trẻ con cùng nhiều tình tiết thú vị, bất ngờ và cảm động trong suốt hơn 300 trang sách. Cuốn sách, vì thế có sức ám ảnh, thu hút, hấp dẫn không thể bỏ qua.",10,"https://res.cloudinary.com/dbynglvwk/image/upload/v1653963421/bookstore/z0uyu6oh5gscttpyi9kj.jpg","bookstore/z0uyu6oh5gscttpyi9kj"
"book0014","Chúc Một Ngày Tốt Lành (Tái Bản 2019)",2019,80300,282,,,,"chuc-mot-ngay-tot-lanh","13 x 20 cm","Đọc tựa cuốn sách mới nhất của nhà văn Nguyễn Nhật Ánh là muốn mở ngay trang sách. Bạn sẽ thấy một thứ ngôn ngữ lạ của Hàn Quốc hay của nước nào tùy bạn đoán, Gô un un là Chào buổi sáng; Un gô gô là Chúc ngủ ngon, và nữa, Chiếp un un; Ăng gô gô; Chiếp chiếp gô… Sau chó Bê Tô, rồi Hai con mèo ngồi bên cửa sổ, nhà văn viết về một cặp heo. Nhân vật chính là hai con heo con, Lọ Nồi thông minh và Đeo Nơ xinh đẹp, cùng bạn chó Mõm Ngắn con chị Vện, mẹ Nái Sề, anh Đuôi Xoăn, Cánh Cụt và bọn gà chíp nhà chị Mái Hoa,… đã làm nên một câu chuyện vô cùng thú vị.",,"https://firebasestorage.googleapis.com/v0/b/bookstore-1844d.appspot.com/o/bo14.png?alt=media&token=9689d1dc-0070-4968-8fb2-a750d8480022",
"book0007","Chiến Tranh Tiền Tệ - Phần 2 - Sự Thống Trị Của Quyền Lực Tài Chính ( Tái Bản 2022)",2022,110500,632,,,,"chien-tranh-tien-te-2","16 x 24 cm","Mục đích của cuốn sách này không phải là để dạy bạn cách đầu tư, cách phân bổ tài sản hay dạy một bộ phương pháp đối phó tiền tệ điển hình. Cuốn sách này nhằm trả lời những câu hỏi từ lâu đã khiến chúng ta bối rối và chưa được giải đáp: Tại sao tiền tệ lại có xung đột? Song Hongbing là một học giả rất tài năng trong lĩnh vực kinh tế thế giới. Ông đã dành nhiều thời gian để khám phá lịch sử, nghiên cứu thực tế và cố gắng diễn giải tương lai. Để viết lên cuốn sách thứ hai của mình mang tên Chiến tranh tiền tệ: sự thống trị của quyền lực tài chính, Song Hongbing đã đọc hơn 100 cuốn sách và truy nguyên đến hơn 300 năm trước để khám phá nguồn gốc của hệ thống tài chính hiện tại. Khi đọc cuốn sách này với sự thích thú, bạn sẽ cảm nhận được những đổi thay của thời gian và những thăm trầm của lịch sử.",,"https://res.cloudinary.com/dbynglvwk/image/upload/v1653963851/bookstore/acjyfvnnztzcbzldxowo.jpg","bookstore/acjyfvnnztzcbzldxowo"
"book0013","Bồ Câu Không Đưa Thư (Tái Bản)",2013,34600,176,,,,"bo-cau-khong-dua-thu","12 x 20 cm","Lá thư chân tình đã thu hút sự tò mò của bộ ba, và họ bị cuốn hút vào trò chơi với người giấu mặt, dần hồi kéo theo Phán củi, anh chàng xấu xí vụng về của lớp làm quân sư và giúp xướng họa thơ. Cuộc truy tìm dẫn mọi người đến nhiều hiểu lầm tai hại và cả những bất ngờ thú vị. Và điều bất ngờ cuối cùng đã được phát hiện quá muộn. Vì sao? Xin để cho bạn đọc tự khám phá.",,"https://firebasestorage.googleapis.com/v0/b/bookstore-1844d.appspot.com/o/bo13.png?alt=media&token=129934fc-e5c3-443f-9771-26b6a4284395",
"book0009","Cây Cam Ngọt Của Tôi",2020,70200,244,,,,"cay-cam-ngot-cua-toi","14 x 20.5 cm","JOSÉ MAURO DE VASCONCELOS (1920-1984) là nhà văn người Brazil. Sinh ra trong một gia đình nghèo ở ngoại ô Rio de Janeiro, lớn lên ông phải làm đủ nghề để kiếm sống. Nhưng với tài kể chuyện thiên bẩm, trí nhớ phi thường, trí tưởng tượng tuyệt vời cùng vốn sống phong phú, José cảm thấy trong mình thôi thúc phải trở thành nhà văn nên đã bắt đầu sáng tác năm 22 tuổi. Tác phẩm nổi tiếng nhất của ông là tiểu thuyết mang màu sắc tự truyện Cây cam ngọt của tôi. Cuốn sách được đưa vào chương trình tiểu học của Brazil, được bán bản quyền cho hai mươi quốc gia và chuyển thể thành phim điện ảnh. Ngoài ra, José còn rất thành công trong vai trò diễn viên điện ảnh và biên kịch.",,"https://firebasestorage.googleapis.com/v0/b/bookstore-1844d.appspot.com/o/bo9.png?alt=media&token=9323ea5a-dab7-46de-be5c-da64c7324ee5",
"book0017","Sách Tin Học Thực Hành Excel 2010 Cho Người Mới Bắt Đầu",2009,65000,351,,,,"sach-tin-hoc-thuc-hanh-excel-2010-cho-nguoi-moi-bat-dau","16 x 24 x 1.3 cm","Sách được bố cục rõ ràng chặt chẽ với nhiều hình ảnh minh họa. Gồm 15 chương hướng dẫn những tính năng mới nhất của Excel 2010 thể hiện qua các thành phần giao diện như Ribbon, thanh công cụ Quick Access và Menu Office. Sau đó là các hướng dẫn các thao tác làm việc với Excel như kích hoạt một bảng tính, tạo các hạng mục cần thiết, nhập và chỉnh sửa dữ liệu. Sử dụng các hàm và công thức của Excel trong việc tính toán, định dạng và kiểm tra dữ liệu. Tạo các biểu đồ sử dụng Scenario Manager, chỉnh sửa các Report Pivot Table cũng như tạo biểu đồ phân tích chứng khoán và biểu đồ nâng cao cụ thể.",,"https://firebasestorage.googleapis.com/v0/b/bookstore-1844d.appspot.com/o/bo17.png?alt=media&token=adadd373-319e-4c07-9172-59d5db4a5461",
"book0012","Con Chó Nhỏ Mang Giỏ Hoa Hồng (Tái Bản)",2020,80000,252,,,,"con-cho-nho-mang-gio-hoa-hong","13 x 20 cm","Câu chuyện về 5 chú chó đầy thú vị và cũng không kém cảm xúc lãng mạn- tác phẩm mới nhất của nhà văn bestseller Nguyễn Nhật Ánh sẽ khiến bạn thay đổi nhiều trong cách nhìn về loài thú cưng số 1 thế giới này.",15,"https://res.cloudinary.com/dbynglvwk/image/upload/v1653963946/bookstore/yp3zsc4z2lijjr96l7or.jpg","bookstore/yp3zsc4z2lijjr96l7or"
"book0004","Tâm Lý Học Về Tiền",2021,113400,384,,,,"tam-ly-hoc-ve-tien","13 x  20.5 cm","Tiền bạc có ở khắp mọi nơi, nó ảnh hưởng đến tất cả chúng ta, và khiến phần lớn chúng ta bối rối. Mọi người nghĩ về nó theo những cách hơi khác nhau một chút. Nó mang lại những bài học có thể được áp dụng tới rất nhiều lĩnh vực trong cuộc sống, như rủi ro, sự tự tin, và hạnh phúc. Rất ít chủ đề cung cấp một lăng kính phóng to đầy quyền lực giúp giải thích vì sao mọi người lại hành xử theo cách họ làm hơn là về tiền bạc. Đó mới là một trong những chương trình hoành tráng nhất trên thế giới. Mục đích của cuốn sách này là sử dụng những câu chuyện ngắn để thuyết phục bạn rằng những kỹ năng mềm còn quan trọng hơn khía cạnh lý thuyết của đồng tiền. Thông qua một tập hợp những thử nghiệm và sai lầm của nhiều năm chúng ta đã học được cách trở thành những nông dân giỏi giang hơn, những thợ sửa ống nước nhiều kỹ năng hơn, và những nhà hóa học tiên tiến hơn. Nhưng liệu việc thử nghiệm và sai lầm có dạy chúng ta trở nên giỏi hơn trong cách quản lý tài chính cá nhân của chính mình không?",,"https://res.cloudinary.com/dbynglvwk/image/upload/v1653963739/bookstore/mrkpd9kfpl9c4yojmdzu.jpg","bookstore/mrkpd9kfpl9c4yojmdzu"
"book0015","Những Cô Em Gái (Tái Bản 2019)",2019,40400,200,,,,"nhung-co-em-gai","12 x 20 cm","Khoa từ quê ra thành phố học, tấp tểnh làm thơ được đăng báo và bắt đầu nổi tiếng trong giới học sinh. Nhờ thế, Khoa được các bạn trai trong lớp hâm mộ, nhờ làm thơ tặng em gái mình, thực tế là dùng thơ ấy tặng bạn gái hoặc người yêu. Run rủi thế nào, những bài thơ ấy được truyền tay qua một con đường vòng nào đó lại đến tay Quyên, cô gái mà Khoa thầm yêu trộm nhớ và những bài thơ làm giùm bạn bè ấy đã lấy cảm tưởng thật từ mối tình chưa ngỏ với Quyên. Sự việc ấy gây nhiều hiểu lầm và nuôi trong Khoa niềm hy vọng trước khi Khoa đối diện với sự thật.",,"https://firebasestorage.googleapis.com/v0/b/bookstore-1844d.appspot.com/o/bo15.png?alt=media&token=48ee6802-f97b-435f-b1bb-06791633e7fd",
"book0006","Chiến Tranh Tiền Tệ - Phần 1 - Ai Thực Sự Là Người Giàu Nhất Thế Giới ( Tái Bản 2022)",2022,107250,532,,,,"chien-tranh-tien-te-1","16 x 24 cm","<p>Là một cuốn sách làm sửng sốt những ai muốn tìm hiểu về bản chất của tiền tệ, để từ đó nhận ra những hiểm họa tài chính tiềm ẩn nhằm chuẩn bị tâm lý cho một cuộc chiến tiền tệ “không đổ máu”, <strong>“Chiến tranh tiền tệ - Ai thật sự là người giàu nhất thế giới”</strong> còn phơi bày những âm mưu của các nhà tài phiệt thế giới trong việc tạo ra những cơn “hạn hán”, “bão lũ” về tiền tệ để thu lợi nhuận. Cuốn sách cũng đề cập đến sự phát triển của các định chế tài chính – những cơ cấu được xây dựng nhằm đáp ứng nhu cầu phát triển vũ bão của nền kinh tế toàn cầu. Gấp cuốn sách lại, có thể bạn đọc sẽ có nhiều tâm trạng khác nhau. Đối với một số người, đó có thể là sự sợ hãi thế lực tài chính quốc tế và cảm giác bất an về sự chi phối của thế lực này. Với số khác thì đó có thể là một cảm giác thú vị khi khám phá ra sự thật trần trụi để từ đó có cách nhìn nhận khác nhằm xây dựng cho mình những kế hoạch đầu tư một cách hiệu quả nhất. Và cho dù bạn có lo sợ hay cảm thấy tò mò, thú vị thì “Chiến tranh tiền tệ - Ai thật sự là người giàu nhất thế giới” cũng là một cuốn sách đáng đọc. Một cuốn sách bổ ích cho các chuyên gia quản lý tài chính, các nhà quản trị doanh nghiệp, các nhà đầu tư nhỏ, các giáo viên giảng dạy về tài chính – ngân hàng cũng như sinh viên các trường kinh tế.</p>",10,"https://res.cloudinary.com/dbynglvwk/image/upload/v1653963818/bookstore/uogcjxkcppt5arcsdfzr.jpg","bookstore/uogcjxkcppt5arcsdfzr"
"book0010","Nước Nhật Nhìn Từ Những Thứ Bình Thường",2022,50000,188,,,,"nuoc-nhat-nhin-tu-nhung-thu-binh-thuong","13.5 x 20.5 cm","Gồm những 26 bài viết ghi lại những trải nghiệm và cảm nghĩ về nước Nhật, người Nhật trong 8 năm tác giả sống ở Nhật. Với góc nhìn từ những thứ bình thường ở Nhật: đường sá, nhà ga tàu điện ngầm, những cánh rừng trong thành phố, những trường mầm non thân thiệ, tác giả phân tích lý do vì sao Nước Nhật từ một đất nước chiến bại có thể có bước tiến trở thành nước Nhật thần kì như ngày này đó chính là nỗ lực thay đổi từ những thứ bình thường nhỏ bé.",,"https://firebasestorage.googleapis.com/v0/b/bookstore-1844d.appspot.com/o/bo10.png?alt=media&token=e93c9c72-30ac-4052-ad26-5b6280e26cdd",
"book0019","Thuật Hùng Biện",2017,41500,287,,,,"thuat-hung-bien","13.5 x 20.5 cm","Sự thành công trong kinh doanh, trong các mối quan hệ xã hội, hay ngay cả trong lĩnh vực riêng tức của một người phụ thuộc rất nhiều vào khả năng giao tiếp của người đó, khả năng thể hiện, diễn đạt cho mọi người biết bạn là ai, bạn muốn gì, và bạn tin vào điều gì. Và giờ đây, hơn lúc nào hết, trong thế giới đầy căng thẳng, sợ hãi và lo lắng, chúng ta cần phải mở rộng cánh cửa giao tiếp hơn lúc nào hết.",2,"https://firebasestorage.googleapis.com/v0/b/bookstore-1844d.appspot.com/o/bo19.png?alt=media&token=2168566f-b8b9-47dc-bbaf-51e07809b9c5",
"book0020","Tôi Đi Tìm Tôi",2019,86000,248,,,,"toi-di-tim-toi","13 x  20.5 cm","Mạch ký ức của quá khứ như công tắc on/off, bạn lựa chọn tắt hay mở cũng như việc chọn giữa quên và nhớ. Đồng hành với hiện tại luôn có quá khứ, bởi nó đều là hai chiều kết dính tạo nên bạn ngày hôm nay. Đối với tác giả Nguyễn Phi Vân trong Tôi đi tìm tôi cũng vậy, quá khứ là những con người từ bốn phương trời mà chị được gặp, bị gặp và tình cờ gặp. “Họ đến, mang theo cơn mưa đầu hạ, giúp tôi nở hoa trên chính mảnh vườn xưa vốn nứt nẻ, khô cằn. Họ đến, để làm tôi đau, cho tôi hiểu thế nào là bóng đêm và vô ảnh. Tôi gật đầu, răn đe mình không được phép trôi về ngõ tối sình lầy. Và tôi thở phào khi họ bỏ ra đi. Họ đến, giúp tôi nhận ra khả năng vô giới hạn của bản thân, giúp tôi phá bỏ mọi thành trì những tưởng là tồn tại”.",,"https://firebasestorage.googleapis.com/v0/b/bookstore-1844d.appspot.com/o/bo20.png?alt=media&token=af35812e-d738-45af-9928-ba495a2bdf4c",
"book00027","Lão Hạc (Tập Truyện Ngắn)",2021,42000,200,,,,"lao-hac-tap-truyen-ngan","20.5 x 14.5 x 1.2 cm","Lão Hạc, một người nông dân chất phác, hiền lành. Lão góa vợ và có một người con trai nhưng vì quá nghèo nên không thể lấy vợ cho người con trai của mình. Người con trai lão vì thế đã rời bỏ quê hương để đến đồn điền cao su làm ăn kiếm tiền. Lão luôn trăn trở, suy nghĩ về tương lai của đứa con. Lão sống bằng nghề làm vườn, mảnh vườn mà vợ lão đã mất bao công sức để mua về và để lại cho con trai lão. So với những người khác lúc đó, gia cảnh của lão khá đầy đủ, tuy nhiên do ốm yếu hơn hai tháng và cũng vì trận bão mà lão không có việc gì để làm. Lão đã rất dằn vặt bản thân mình khi mang một ""tội lỗi"" là đã nỡ tâm ""lừa một con chó"". Lão đã khóc rất nhiều với ông giáo (người hàng xóm thân thiết của lão).",10,"https://res.cloudinary.com/dbynglvwk/image/upload/v1653924733/bookstore/ybfbgythrdwm12irvnjg.jpg","bookstore/ybfbgythrdwm12irvnjg"
"book0016","Ngồi Khóc Trên Cây",2022,102700,342,,,,"ngoi-khoc-tren-cay","13 x 20 cm","Mở đầu là kỳ nghỉ hè tại một ngôi làng thơ mộng ven sông với nhân vật là những đứa trẻ mới lớn có vô vàn trò chơi đơn sơ hấp dẫn ghi dấu mãi trong lòng.   Mối tình đầu trong veo của cô bé Rùa và chàng sinh viên quê học ở thành phố có giống tình đầu của bạn thời đi học? Và cái cách họ thương nhau giấu giếm, không dám làm nhau buồn, khát khao hạnh phúc đến nghẹt thở có phải là câu chuyện chính?",0,"https://firebasestorage.googleapis.com/v0/b/bookstore-1844d.appspot.com/o/bo16.png?alt=media&token=3977b6fe-ef86-4ee6-b47f-ea257fb42c44",
"book0008","Thiên Tài Bên Trái, Kẻ Điên Bên Phải",2019,164350,424,,,,"thien-tai-ben-trai-ke-dien-ben-phai","16 x 24 cm","Thiên tài bên trái, kẻ điên bên phải là cuốn sách dành cho những người điên rồ, những kẻ gây rối, những người chống đối, những mảnh ghép hình tròn trong những ô vuông không vừa vặn… những người nhìn mọi thứ khác biệt, không quan tâm đến quy tắc. Bạn có thể đồng ý, có thể phản đối, có thể vinh danh hay lăng mạ họ, nhưng điều duy nhất bạn không thể làm là phủ nhận sự tồn tại của họ. Đó là những người luôn tạo ra sự thay đổi trong khi hầu hết con người chỉ sống rập khuôn như một cái máy. Đa số đều nghĩ họ thật điên rồ nhưng nếu nhìn ở góc khác, ta lại thấy họ thiên tài. Bởi chỉ những người đủ điên nghĩ rằng họ có thể thay đổi thế giới mới là những người làm được điều đó.",,"https://res.cloudinary.com/dbynglvwk/image/upload/v1653963890/bookstore/xrpwumbyfoym72is59bc.jpg","bookstore/xrpwumbyfoym72is59bc"
"book0005","NHÀ ĐẦU TƯ THÀNH CÔNG - Những Điều TỐI QUAN TRỌNG Mọi Người Phải Biết ĐỂ SINH LỜI BỀN VỮNG và TRÁNH THUA LỖ LỚN (The Successful INVESTOR)",2022,299000,276,,,,"nha-dau-tu-thanh-cong","13 x  20.5 cm","Đây là cuốn sách cũ, nhưng KINH ĐIỂN, phù hợp cho cả những nhà đầu tư mới & những tay chơi dạn dày kinh nghiệm trên thị trường. Chúng tôi xin trích lại lời kết của sách “….sẽ có hàng chục cổ phiếu dẫn dắt thị trường mới tuyệt vời trong mọi thị trường bò tót trong tương lai. Cơ hội sẽ là không giới hạn, nhưng tất cả đều phụ thuộc vào bạn. Nắm bắt được các cơ hội đó không phải là dễ dàng, bởi vì bạn cần phải đọc đi đọc lại để hiểu được tất cả. Liên tục mài giũa là cách bạn học bất kỳ kỹ năng mới nào - và đầu tư thành công là kỹ năng bạn có thể trau dồi, nếu bạn khát khao cháy bỏng và sẵn sàng theo đuổi cho đến khi đạt được thành công….”",2,"https://firebasestorage.googleapis.com/v0/b/bookstore-1844d.appspot.com/o/bo5.png?alt=media&token=847b37d3-a290-4282-990f-9afb093e29cc",
"book0003","Đắc Nhân Tâm (Tái Bản 2021)",2021,70000,350,,,,"dac-nhan-tam-tai-ban-2021","20.5 x 14.5 cm","<p>test</p>",18,"https://res.cloudinary.com/dbynglvwk/image/upload/v1653928138/bookstore/ax3mrl1o3fj9zoobsdkr.jpg","bookstore/ax3mrl1o3fj9zoobsdkr"
"book0002","Số Đỏ",2018,78000,268,,,,"so-do","15 x 23 cm","<p>Văn học Việt Nam thời xưa có nhiều tác phẩm có giá trị to lớn về mặt nhân văn và nghệ thuật, đã được công nhận và chứng thực qua thời gian. Bộ sách Việt Nam danh tác bao gồm loạt tác phẩm đi cùng năm tháng như: <strong>Số đỏ (Vũ Trọng Phụng)</strong>, Việc làng (Ngô Tất Tố), Gió đầu mùa, Hà Nội băm sáu phố phường (Thạch Lam), Miếng ngon Hà Nội (Vũ Bằng), Vang bóng một thời (Nguyễn Tuân). Hy vọng bộ sách sau khi tái bản sẽ giúp đông đảo tầng lớp độc giả thêm hiểu, tự hào và nâng niu kho tàng văn học nước nhà.</p>",20,"https://res.cloudinary.com/dbynglvwk/image/upload/v1653963686/bookstore/p1xbhuixviqbkm8wiq7k.png","bookstore/p1xbhuixviqbkm8wiq7k"
"BOOKSM1","Hành Tinh Của Một Kẻ Nghĩ Nhiều",2001,60000,184,"[""627755097241ae166e05fb0e""]","[""641e5ed0409019eeeb415800""]","6291e7574d457e5132f5d95a","hanh-tinh-cua-mot-ke-nghi-nhie","13x17 cm","<p>“Đó là mùa hè năm 2020, mùa hè của COVID-19 và một ngàn vạn khủng hoảng tuổi đôi mươi. Đó là mùa hè mình bắt chuyến bay sớm nhất có thể vào ngày 20 tháng 3 để chạy khỏi nước Anh đang bùng dịch, bị kẹt lại sân bay Bangkok trong 24 giờ đồng hồ vì chuyến bay quá cảnh về Sài Gòn bị huỷ<br>Đó là mỗi đêm mùa hè nằm trên giường stress chuyện deadline luận văn, stress chuyện thất nghiệp không kiếm ra tiền, stress chuyện bỏ lỡ cơ hội thực tập giúp ích cho sự nghiệp của mình, stress chuyện học hành dở dang - không biết bao giờ mới có thể quay lại Anh và hoàn thành tấm bằng đại học, stress chuyện tồn tại một cách mơ hồ, không biết mình là ai.”</p><p>Hành tinh của một kẻ nghĩ nhiều là hành trình khám phá thế giới nội tâm của một người trẻ. Đó là một hành tinh đầy hỗn loạn của những suy nghĩ trăn trở, những dằn vặt, những cuộc chiến nội tâm, những cảm xúc vừa phức tạp cũng vừa rất đỗi con người. Một thế giới quen thuộc với tất cả chúng ta.</p><p>Chứa đựng những lời chia sẻ và kiến thức từ podcast của Amateur Psychology - Tay mơ học đời bằng Tâm lý học, tác giả sẽ dẫn lối và đưa bạn tới từng ngóc ngách thầm kín nhất của hành tinh ấy dưới một góc nhìn chuyên sâu hơn.</p><p>Và nếu bạn cũng là một kẻ nghĩ nhiều, chào mừng bạn đến với hành tinh này.</p><p>“Sự cô đơn không nằm ở việc không có bạn bè hay người thân mà ngay cả trong sự sum vầy ta vẫn cảm thấy không có ai có thể hiểu mình tường tận từ sâu tâm hồn. Là sự cô đơn như thể chỉ có một mình mình trên một hành tinh đơn độc trong đầu, một hành tinh không bao giờ có khách viếng thăm”.</p><p>Giá sản phẩm trên Tiki đã bao gồm thuế theo luật hiện hành. Bên cạnh đó, tuỳ vào loại sản phẩm, hình thức và địa chỉ giao hàng mà có thể phát sinh thêm chi phí khác như phí vận chuyển, phụ phí hàng cồng kềnh, thuế nhập khẩu (đối với đơn hàng giao từ nước ngoài có giá trị trên 1 triệu đồng).....</p>",10,"https://res.cloudinary.com/dbynglvwk/image/upload/v1679715829/bookstore/rkmntsztfw0icgafuzdy.webp","bookstore/rkmntsztfw0icgafuzdy"
"176752884","Thuật Tẩy Não - Nghệ Thuật Thao Túng Và Kiểm Soát Tâm Lý Đối Phương",2013,120000,250,"[""627755097241ae166e05fb0e""]","[""642f90956651867e2faf6494""]","6291e7574d457e5132f5d95a","thuat-tay-nao-nghe-thuat-thao","","<p>Thuật Tẩy Não - Nghệ Thuật Thao Túng Và Kiểm Soát Tâm Lý Đối Phương</p><p>Giá sản phẩm trên Tiki đã bao gồm thuế theo luật hiện hành. Bên cạnh đó, tuỳ vào loại sản phẩm, hình thức và địa chỉ giao hàng mà có thể phát sinh thêm chi phí khác như phí vận chuyển, phụ phí hàng cồng kềnh, thuế nhập khẩu (đối với đơn hàng giao từ nước ngoài có giá trị trên 1 triệu đồng).....</p>",2,"https://res.cloudinary.com/dbynglvwk/image/upload/v1680838946/bookstore/md5nsbv81mff0m8nbda2.webp","bookstore/md5nsbv81mff0m8nbda2"
"16970115","Sách Kỹ Năng Sống: 10 Phút Tĩnh Tâm - 71 Thói Quen Cân Bằng Cuộc Sống Hiện Đại (Tặng Bookmark Happy Life)",2019,169000,200,"[""627755097241ae166e05fb0e""]","[""642f918d6651867e2faf64ec"",""642f919f6651867e2faf64f0""]","6291e7574d457e5132f5d95a","sach-ky-nang-song-10-phut-tinh","13x20.5cm","<p>Sách Kỹ Năng Sống: 10 Phút Tĩnh Tâm - 71 Thói Quen Cân Bằng Cuộc Sống Hiện Đại (Tặng Bookmark Happy Life)</p><p><strong>10 phút tĩnh tâm - 71 thói quen cân bằng cuộc sống hiện đại</strong><br>- Bạn cảm thấy khó khăn trong việc tĩnh lặng, tập trung, tâm trí rối loạn, lo lắng, suy nghĩ tiêu cực.<br>- Chúng ta luẩn quẩn không biết cần ưu tiên điều gì để cuộc sống cân bằng hơn, cứ mãi bận tâm với những hối tiếc, lo lắng trong quá khứ, tương lai mà quên đi hiện tại.<br>- Cuốn sách ""10 phút tĩnh tâm"" sẽ đưa ra 71 thói quen tĩnh tâm giúp bạn quên đi những mối phiền nhiễu, sống tốt hơn ở hiện tại&nbsp;<br>Cái bẫy của lối sống vô thức<br>Mỗi buổi sáng thức dậy, bạn uể oải nhấc mình ra khỏi giường. Bạn nhớ ra tất cả các việc phải làm trong ngày: một vài cuộc họp, một dự án đến hạn hoàn thành, cuộc hẹn gặp bác sĩ, đón con.<br>Chưa hết, còn cuộc tranh cãi nảy lửa của bạn với sếp hôm qua nữa. Tâm trí bạn cứ tua đi tua lại cuộc nói chuyện đấy vài lần, bạn vẫn còn cảm thấy tức giận mỗi khi nghĩ đến.&nbsp;<br>Bạn bước ra khỏi phòng tắm để xem chiếc điện thoại đang rung chuông báo tin nhắn và thư điện tử. Tim bạn đập nhanh, có một sự lo lắng mơ hồ lướt qua khiến bạn bồn chồn như khi uống một cốc cà phê đậm đặc.<br>Bạn lao nhanh vào bếp làm vội suất ăn sáng rồi rời khỏi nhà, trong khi con bạn cãi nhau tranh giành chiếc bánh rán cuối cùng và chồng bạn thì đang hoảng loạn vì không tìm thấy chìa khóa xe.<br>Vậy là bất kỳ khi nào bạn bắt đầu một ngày mới, tâm trí của bạn đều bị rối loạn và sao lãng. Thế giới nội tâm trong bạn gầm lên như những cơn chấn động xảy ra trước khi núi lửa phun trào.<br>Đến tối thì bạn đã quá mệt mỏi để tận hưởng thời gian dành cho gia đình, sở thích hoặc thư giãn. Thay vào đó, bạn chờ đợi một thứ gì đó chán ngắt, như xem tivi vài tiếng hoặc lướt mạng trước khi đi ngủ.<br>Bạn có thấy tình cảnh này khá quen thuộc không? Có lẽ tình cảnh đó không mô tả chính xác cuộc sống và thói quen hằng ngày của bạn, nhưng có lẽ bạn đã trải qua một số phiên bản của nó trước đó.<br>Sao nhãng. Căng thẳng. Lo Lắng. Kích động. Suy nghĩ tiêu cực. Kiệt sức về thể chất và cảm xúc. Tất cả những tác nhân đó đóng vai trò lớn hơn nhiều trong cuộc sống so với những gì ta thừa nhận. Phần lớn thời gian, chúng ta đều bắt đầu ngày mới theo một cách chẳng yên bình hay vui vẻ gì. Trên thực tế, hầu hết chúng ta đều cảm thấy xa cách với sự tĩnh lặng, tập trung, và ở thời điểm hiện tại, điều này gây tổn hại cho hạnh phúc và sức khỏe tinh thần của chúng ta.&nbsp;<br>Những tình huống trên xuất phát từ vòng luẩn quẩn của các phản ứng, sự sao lãng và căng thẳng, thứ có thể được gọi là ""lối sống vô thức"". Việc không ý thức về cách lựa chọn lối sống, thói quen và suy nghĩ gây ra cho hầu hết chúng ta sự bất hạnh và lo lắng.<br>Chúng ta không biết về giá trị thực sự, các ưu tiên của cuộc sống và khao khát để có được một lối sống cân bằng hơn. Chúng ta cũng không ý thức được về sự yên bình và hài lòng ngay hiện tại, bởi vì chúng ta cứ mãi bận tâm tới những hối tiếc và lo lắng trong quá khứ cũng như trong tương lai.<br>""10 phút tĩnh tâm"" kéo bạn trở về thực tại<br>Tĩnh tâm là bạn nhận thức một cách có chủ đích về hiện tại trong khi vẫn chú ý đến cảm xúc, suy nghĩ và cảm giác của cơ thể. Bạn chủ động tập trung và hướng nhận thức của bạn đến điều bạn đang làm hoặc đang suy nghĩ như khi rửa bát, nói chuyện với vợ/chồng, chơi với con, thực hiện một dự án hoặc khi không làm gì cả.<br>Đối với những người thường xuyên bị cuốn theo các mối bận tâm trong cuộc sống thường ngày, tĩnh tâm giúp họ trân trọng từng giây phút và có được một tầm nhìn lớn hơn về cuộc sống. Nó cũng giúp chúng ta thay đổi các phản ứng theo thói quen bằng cách dừng lại đủ lâu để ta lựa chọn cách hành động. Những lợi ích của tĩnh tâm được chia thành ba loại:<br>1. Cải thiện sức khỏe tinh thần và thể chất;<br>2. Giảm hoặc làm chậm một số triệu chứng bệnh thể chất;<br>3. Giảm tần suất và cường độ của những cảm xúc tiêu cực hoặc gây hại.<br>Việc thực hành tĩnh tâm không khó những khó khăn nằm ở khả năng hòa hợp thói quen tĩnh tâm vào cuộc sống hằng ngày.<br>Cuốn ""10 phút tĩnh tâm"" sẽ:<br>- Cung cấp cho bạn các công cụ thực tiễn để hình thành thói quen tĩnh tâm<br>- Đề ra 71 thói quen tĩnh tâm từ sáng đến chiều, tối mà bạn nên thực hành. Đây là những thói quen toàn diện về cả thể chất, tinh thần như thói quen dậy sớm, hít thở buổi sáng, sắp xếp giường chiếu, mỉm cười ra sao, suy nghĩ tích cực như thế nào, thậm chí cả việc rửa bát.<br>- Giúp bạn thực hành thường xuyên và biến nó thành thói quen vô điều kiện.<br>Ở phần cuối cuốn sách, tác giả còn đưa ra mẫu kế hoạch công việc cần làm, mẫu đánh giá kết quả để bất cứ độc giả nào cũng có thể vận dụng cho bản thân. Bạn có thể vạch ra những việc cần làm trong ngày và đánh giá được hiệu quả của chúng. Tất nhiên bạn sẽ không thể làm hết ngay 71 thói quen được tác giả nhắc đến. Nhưng cuốn sách cũng nhấn mạnh, bạn cần xây dựng các các thói quen như thế nào để biến chúng thành bản năng và tiếp tục xây dựng thói quen khác. Làm được những điều đó, bạn có thể vượt qua mọi thử thách theo cách của mình.</p><p>Giá sản phẩm trên Tiki đã bao gồm thuế theo luật hiện hành. Bên cạnh đó, tuỳ vào loại sản phẩm, hình thức và địa chỉ giao hàng mà có thể phát sinh thêm chi phí khác như phí vận chuyển, phụ phí hàng cồng kềnh, thuế nhập khẩu (đối với đơn hàng giao từ nước ngoài có giá trị trên 1 triệu đồng).....</p>",2,"https://res.cloudinary.com/dbynglvwk/image/upload/v1680839342/bookstore/i4z62kl3x201uyqptvac.webp","bookstore/i4z62kl3x201uyqptvac"
"155416328","90 Ngày Làm Chủ Cảm Xúc - Chinh Phục Hạnh Phúc Tập 3 (Tái bản 2021)",2021,220000,332,"[""627755097241ae166e05fb0e""]","[""642f93c36651867e2faf6525""]","6291e7574d457e5132f5d95a","90-ngay-lam-chu-cam-xuc-chinh","13x20.5cm","<figure class=""image""><img src=""https://salt.tikicdn.com/ts/tmp/9b/0e/b7/7d68e0ab505074a1108490f6439fd228.png"" alt=""""></figure><p>&nbsp; &nbsp; &nbsp; Làm chủ cảm xúc, nói một cách đơn giản, là việc <strong>nắm rõ bản chất</strong>&nbsp;của cảm xúc để từ đó đưa ra những&nbsp;<strong>quyết định có ý thức</strong>&nbsp;sao cho vừa có lợi cho bản thân, vừa có lợi cho người đối diện.</p><p>&nbsp; &nbsp; &nbsp; Nếu như chúng ta không sử dụng suy nghĩ có ý thức để xử lý thông tin từ cảm xúc, thì chúng ta sẽ đơn giản chỉ là phản ứng lại một cách vô thức với cảm xúc. Điều này sẽ khiến chúng ta đưa ra những <strong>kết luận thiếu suy nghĩ</strong>&nbsp;và kéo theo là những&nbsp;<strong>hành động bộc phát</strong>. Những hành động như trách móc, cãi cọ, miệt thị hay dùng vũ lực có thể để lại hậu quả to lớn và lâu dài cho bản thân chúng ta lẫn những người mà chúng ta tác động. Những hậu quả này có thể tránh được nếu chúng ta biết&nbsp;<strong>làm chủ cảm xúc của mình</strong>.</p><p><strong>&nbsp; &nbsp; &nbsp; 90 Ngày Làm Chủ Cảm Xúc</strong>&nbsp;là cuốn sách thứ ba trong bộ sách&nbsp;<strong>Chinh phục hạnh phúc</strong>. Cuốn sách này sẽ chỉ ra con đường ngắn và đơn giản nhất để mỗi người chúng ta có thể&nbsp;<strong>tự thấu hiểu bên trong mình, đọc vị được những cảm xúc đang hiện hữu để từ đó làm chủ tâm trí, làm chủ cảm xúc tiêu cực, kiến tạo năng lượng tích cực, chữa lành những tổn thương nội tâm và sống ý nghĩa</strong>. Cuốn sách giúp bạn hướng vào phía trong tâm khảm, kết nối với chính mình để đạt được hạnh phúc tự thân, vì&nbsp;<strong>ngày tâm ta an, vạn sự sẽ an</strong>.</p><figure class=""image""><img src=""https://salt.tikicdn.com/ts/tmp/63/59/c3/159935fa8da3e9e739e97843404f1594.jpg"" alt=""""></figure><figure class=""image""><img src=""https://salt.tikicdn.com/ts/tmp/96/f2/3a/406b892bad8a190964bc42dd9cde6c73.jpg"" alt=""""></figure><figure class=""image""><img src=""https://salt.tikicdn.com/ts/tmp/0d/7e/88/00b30d61ce16f57cafdd8a6ddd48637e.jpg"" alt=""""></figure><figure class=""image""><img src=""https://salt.tikicdn.com/ts/tmp/79/16/65/b893353feccf3ee675d23972a4ad4a98.jpg"" alt=""""></figure><p>&nbsp; &nbsp; &nbsp; ""Bộ sách Chinh phục Hạnh phúc được tôi viết để dành tặng cho bạn đọc bằng tất cả sự nhiệt huyết, phụng sự, tình yêu thương và lòng biết ơn của mình dành cho cộng đồng. Tôi tin rằng khi bạn lật giở từng trang, hoàn thành bài học trong từng ngày một theo bộ sách, khi kết thúc hành trình này bạn sẽ tìm lại được chính con người tốt đẹp và thuần khiết của bạn, vun bồi giá trị nội tâm của chính mình. Bạn cũng sẽ cảm thấy cuộc đời này đáng yêu và tuyệt vời biết bao.""</p><p>&nbsp; &nbsp; &nbsp; Tuệ An</p><p>Giá sản phẩm trên Tiki đã bao gồm thuế theo luật hiện hành. Bên cạnh đó, tuỳ vào loại sản phẩm, hình thức và địa chỉ giao hàng mà có thể phát sinh thêm chi phí khác như phí vận chuyển, phụ phí hàng cồng kềnh, thuế nhập khẩu (đối với đơn hàng giao từ nước ngoài có giá trị trên 1 triệu đồng).....</p>",4,"https://res.cloudinary.com/dbynglvwk/image/upload/v1680839751/bookstore/p00jwe8suevsmcdrganm.webp","bookstore/p00jwe8suevsmcdrganm"
"202008004","Cuốn Sách Dành Cho Những Người Dùng Tiếng Nhật Trong Lĩnh Vực IT: Tiếng Nhật Công Nghệ Thông Tin Trong Ngành Phần Mềm",2015,216000,150,"[""642f95925a6a4e5ca486217d""]","[""642f95356651867e2faf656b""]","640301ba9c1de24034a511cb","cuon-sach-danh-cho-nhung-nguoi","13x17 cm","<p><strong>Tiếng Nhật Công Nghệ Thông Tin Trong Ngành Phần Mềm</strong></p><p>Cuốn sách “Tiếng Nhật công nghệ thông tin trong ngành phần mềm” là lời giải cho bài toán “Học tiếng Nhật thế nào để có thể ứng dụng ngay được vào công việc”. Nội dung của cuốn sách là những kinh nghiệm được đúc rút và hoàn thiện bởi đội ngũ biên phiên dịch đã trực tiếp tham gia các dự án phát triển phần mềm với khách hàng Nhật Bản và có thời gian dài đào tạo nhiều lớp tiếng Nhật tại doanh nghiệp.</p><p>Đối tượng của cuốn sách này là những người đang sử dụng tiếng Nhật trong lĩnh vực IT với khách hàng Nhật hoặc những người đang học tập tiếng Nhật ở trình độ trung cấp trở lên. 15 bài học trong sách được thiết kế mô phỏng theo vòng đời của một dự án waterfall (mô hình thác nước), sắp xếp trình tự từ khi bắt đầu đến khi kết thúc dự án.&nbsp;</p><p>Giá sản phẩm trên Tiki đã bao gồm thuế theo luật hiện hành. Bên cạnh đó, tuỳ vào loại sản phẩm, hình thức và địa chỉ giao hàng mà có thể phát sinh thêm chi phí khác như phí vận chuyển, phụ phí hàng cồng kềnh, thuế nhập khẩu (đối với đơn hàng giao từ nước ngoài có giá trị trên 1 triệu đồng).....</p>",3,"https://res.cloudinary.com/dbynglvwk/image/upload/v1680840210/bookstore/p50xrqq9g347ayvzaeov.webp","bookstore/p50xrqq9g347ayvzaeov"
"73768278","Sách trắng Công nghệ Thông tin và Truyền thông Việt Nam 2021",2021,180000,94,"[""642f95925a6a4e5ca486217d""]","[""642f96c76651867e2faf65d3""]","640301ba9c1de24034a511cb","sach-trang-cong-nghe-thong-tin","13x17 cm","<p>Sách trắng 2021 cung cấp thông tin, số liệu năm 2020 về tất cả các lĩnh vực do bộ Thông tin và Truyền thông quản lý là : Bưu chính, Viễn thông, Ứng dụng công nghệ thông tin, An toàn thông tin mạng, Công nghiệp công nghệ thông tin - điện tử viễn thông, Báo chí truyền thông. So với các năm trước đây, sách trắng 2021 đã bổ sung thêm nhiều số liệu mới liên quan đến việc phát triển Chính phủ số, kinh tế số và xã hội số.</p><h3>Chi tiết sách</h3><h4>Đơn vị phát hành</h4><p>:NXB Thông tin và Truyền thông</p><h4>Nhà xuất bản</h4><p>:Thông tin và Truyền thông</p><h4>Năm xuất bản</h4><p>:2021</p><h4>Tác giả</h4><p>:Bộ Thông tin và Truyền thông</p><h4>Kích thước</h4><p>:24x16x1 (cm)</p><h4>Trọng lượng</h4><p>:300 (g)</p><h4>Loại bìa</h4><p>:Bìa mềm</p><h4>Số trang</h4><p>:90</p><h4>Mã ISBN</h4><p>:978-604-80-5909-5</p><p>Giá sản phẩm trên Tiki đã bao gồm thuế theo luật hiện hành. Bên cạnh đó, tuỳ vào loại sản phẩm, hình thức và địa chỉ giao hàng mà có thể phát sinh thêm chi phí khác như phí vận chuyển, phụ phí hàng cồng kềnh, thuế nhập khẩu (đối với đơn hàng giao từ nước ngoài có giá trị trên 1 triệu đồng).....</p>",4,"https://res.cloudinary.com/dbynglvwk/image/upload/v1680840500/bookstore/e7oab4p0pidozqajjsqn.webp","bookstore/e7oab4p0pidozqajjsqn"
"248817406","(Bestseller hài hước SỐ MỘT nước Anh của David Walliams) NHÓC TÌ TỶ PHÚ – Tony Ross minh họa – Seal dịch – Nhã Nam – NXB Hội nhà văn (Bìa mềm)",2020,100000,50,"[""6403019d9c1de24034a511c8""]","[""642f97696651867e2faf660a""]","640301c79c1de24034a511cc","bestseller-hai-huoc-so-mot-nuo","14.5 x 20.5","<p>“Một trong những câu chuyện dính nhất quả đất.""</p><p>Đã bao giờ bạn tự hỏi sẽ ra sao nếu mình có trong tay một triệu bảng? Hay một tỷ? Một tỷ tỷ? Hoặc thậm chí một tỷ tỷ tỷ? Joe Spud không&nbsp;<i>phải</i>&nbsp;tưởng tượng sẽ ra sao nếu nó có trong tay hàng nắm, hàng đống, hàng núi tiền. Dù mới mười hai tuổi, nó đã giàu đến nực cười, giàu đến phi lý.</p><p>Joe có trong tay mọi thứ nó muốn. Trừ một điều Joe vẫn hằng mong mỏi, tha thiết, khát khao có được hơn bất cứ thứ gì khác trên đờ MỘT NGƯỜI BẠN!!!</p><h2>***</h2><p>Bestseller hài hước SỐ MỘT nước Anh của David Walliams</p><p>NHÓC TÌ TỶ PHÚ</p><p>Tác giả: David Walliams</p><p>Minh họa: Tony Ross</p><p>Dịch giả: Seal</p><p>Nhã Nam – NXB Hội nhà văn</p><p>Hình thức: Bìa mềm</p><p>***</p><p>Thông tin sách:</p><p>Kích thước: 14x20,5 cm</p><p>Số trang: 215 trang</p><p>Cân nặng: 400 gr</p><p>Năm phát hành: 03/2023</p><p>Giá sản phẩm trên Tiki đã bao gồm thuế theo luật hiện hành. Bên cạnh đó, tuỳ vào loại sản phẩm, hình thức và địa chỉ giao hàng mà có thể phát sinh thêm chi phí khác như phí vận chuyển, phụ phí hàng cồng kềnh, thuế nhập khẩu (đối với đơn hàng giao từ nước ngoài có giá trị trên 1 triệu đồng).....</p>",1,"https://res.cloudinary.com/dbynglvwk/image/upload/v1680840687/bookstore/qmfvwciwxjflgy3tz0v1.webp","bookstore/qmfvwciwxjflgy3tz0v1"
"178093083","Sách Giáo Khoa Bộ Lớp 12 - Sách Bài Tập (Bộ 11 Cuốn) (2022)",2017,165000,200,"[""640301809c1de24034a511c7""]","[""6403003e9c1de24034a511b5""]","640301ba9c1de24034a511cb","sach-giao-khoa-bo-lop-12-sach","13x20.5cm","<p><strong>Sách Giáo Khoa Bộ Lớp 12 - Sách Bài Tập (Bộ 11 Cuốn) (2022)</strong></p><p>Bao Gồm:</p><figure class=""table""><table><tbody><tr><td>STT</td><td>Tên sản phẩm</td></tr><tr><td>1</td><td>Bài tập Giải tích 12</td></tr><tr><td>2</td><td>Bài tập Hình học 12</td></tr><tr><td>3</td><td>Bài tập Vật lí 12</td></tr><tr><td>4</td><td>Bài tập Hoá học 12</td></tr><tr><td>5</td><td>Bài tập Ngữ văn 12/1</td></tr><tr><td>6</td><td>Bài tập Ngữ văn 12/2</td></tr><tr><td>7</td><td>Bài tập Tin học 12</td></tr><tr><td>8</td><td>Bài tập Tiếng Anh 12</td></tr><tr><td>9</td><td>Bài tập Sinh học 12</td></tr><tr><td>10</td><td>Bài tập Lịch sử 12</td></tr><tr><td>11</td><td>Bài tập Địa lí 12</td></tr></tbody></table></figure><p>Giá sản phẩm trên Tiki đã bao gồm thuế theo luật hiện hành. Bên cạnh đó, tuỳ vào loại sản phẩm, hình thức và địa chỉ giao hàng mà có thể phát sinh thêm chi phí khác như phí vận chuyển, phụ phí hàng cồng kềnh, thuế nhập khẩu (đối với đơn hàng giao từ nước ngoài có giá trị trên 1 triệu đồng).....</p>",5,"https://res.cloudinary.com/dbynglvwk/image/upload/v1680840895/bookstore/uyijklggwtto5rmrl4ke.webp","bookstore/uyijklggwtto5rmrl4ke"
"book1111","The Hanoi Digest 1",2019,120000,200,"[""627755097241ae166e05fb0e""]","[""62957e7dd4da46ee1fe04986""]","6291e7574d457e5132f5d95a","hanoi-digest-1","14 x 15","Hay",10,"https://salt.tikicdn.com/cache/750x750/ts/product/53/ee/cb/a4d2aa35adf27b4ab3b3c8b72e76dec7.png.webp",""
"book1112","The Hanoi Digest 2",2019,120000,200,"[""627755097241ae166e05fb0e""]","[""62957e7dd4da46ee1fe04987""]","6291e7574d457e5132f5d95a","hanoi-digest-2","15 x 15","Hay",10,"https://salt.tikicdn.com/cache/750x750/ts/product/53/ee/cb/a4d2aa35adf27b4ab3b3c8b72e76dec7.png.webp",""
"book1113","The Hanoi Digest 3",2019,120000,200,"[""627755097241ae166e05fb0e""]","[""62957e7dd4da46ee1fe04988""]","6291e7574d457e5132f5d95a","hanoi-digest-3","16 x 15","Hay",10,"https://salt.tikicdn.com/cache/750x750/ts/product/53/ee/cb/a4d2aa35adf27b4ab3b3c8b72e76dec7.png.webp",""
"book1114","The Hanoi Digest 4",2019,120000,200,"[""627755097241ae166e05fb0e""]","[""62957e7dd4da46ee1fe04989""]","6291e7574d457e5132f5d95a","hanoi-digest-4","17 x 15","Hay",10,"https://salt.tikicdn.com/cache/750x750/ts/product/53/ee/cb/a4d2aa35adf27b4ab3b3c8b72e76dec7.png.webp",""
"book1115","The Hanoi Digest 5",2019,120000,200,"[""627755097241ae166e05fb0e""]","[""62957e7dd4da46ee1fe04990""]","6291e7574d457e5132f5d95a","hanoi-digest-5","18 x 15","Hay",10,"https://salt.tikicdn.com/cache/750x750/ts/product/53/ee/cb/a4d2aa35adf27b4ab3b3c8b72e76dec7.png.webp",""
"book1116","The Hanoi Digest 1",2019,120000,200,"[""627755097241ae166e05fb0e""]","[""62957e7dd4da46ee1fe04986""]","6291e7574d457e5132f5d95a","hanoi-digest-6","14 x 15","Hay",10,"https://salt.tikicdn.com/cache/750x750/ts/product/53/ee/cb/a4d2aa35adf27b4ab3b3c8b72e76dec7.png.webp",""
"book1117","The Hanoi Digest 2",2019,120000,200,"[""627755097241ae166e05fb0e""]","[""62957e7dd4da46ee1fe04987""]","6291e7574d457e5132f5d95a","hanoi-digest-7","15 x 15","Hay",10,"https://salt.tikicdn.com/cache/750x750/ts/product/53/ee/cb/a4d2aa35adf27b4ab3b3c8b72e76dec7.png.webp",""
"book1118","The Hanoi Digest 3",2019,120000,200,"[""627755097241ae166e05fb0e""]","[""62957e7dd4da46ee1fe04988""]","6291e7574d457e5132f5d95a","hanoi-digest-8","16 x 15","Hay",10,"https://salt.tikicdn.com/cache/750x750/ts/product/53/ee/cb/a4d2aa35adf27b4ab3b3c8b72e76dec7.png.webp",""
"book1119","The Hanoi Digest 4",2019,120000,200,"[""627755097241ae166e05fb0e""]","[""62957e7dd4da46ee1fe04989""]","6291e7574d457e5132f5d95a","hanoi-digest-9","17 x 15","Hay",10,"https://salt.tikicdn.com/cache/750x750/ts/product/53/ee/cb/a4d2aa35adf27b4ab3b3c8b72e76dec7.png.webp",""
"book1120","The Hanoi Digest 5",2019,120000,200,"[""627755097241ae166e05fb0e""]","[""62957e7dd4da46ee1fe04990""]","6291e7574d457e5132f5d95a","hanoi-digest-10","18 x 15","Hay",10,"https://salt.tikicdn.com/cache/750x750/ts/product/53/ee/cb/a4d2aa35adf27b4ab3b3c8b72e76dec7.png.webp",""
"book1121","The Hanoi Digest 1",2019,120000,200,"[""627755097241ae166e05fb0e""]","[""62957e7dd4da46ee1fe04986""]","6291e7574d457e5132f5d95a","hanoi-digest-21","14 x 15","Hay",10,"https://salt.tikicdn.com/cache/750x750/ts/product/53/ee/cb/a4d2aa35adf27b4ab3b3c8b72e76dec7.png.webp",""
"book1122","The Hanoi Digest 2",2019,120000,200,"[""627755097241ae166e05fb0e""]","[""62957e7dd4da46ee1fe04987""]","6291e7574d457e5132f5d95a","hanoi-digest-22","15 x 15","Hay",10,"https://salt.tikicdn.com/cache/750x750/ts/product/53/ee/cb/a4d2aa35adf27b4ab3b3c8b72e76dec7.png.webp",""
"book1123","The Hanoi Digest 3",2019,120000,200,"[""627755097241ae166e05fb0e""]","[""62957e7dd4da46ee1fe04988""]","6291e7574d457e5132f5d95a","hanoi-digest-23","16 x 15","Hay",10,"https://salt.tikicdn.com/cache/750x750/ts/product/53/ee/cb/a4d2aa35adf27b4ab3b3c8b72e76dec7.png.webp",""
"book1124","The Hanoi Digest 4",2019,120000,200,"[""627755097241ae166e05fb0e""]","[""62957e7dd4da46ee1fe04989""]","6291e7574d457e5132f5d95a","hanoi-digest-24","17 x 15","Hay",10,"https://salt.tikicdn.com/cache/750x750/ts/product/53/ee/cb/a4d2aa35adf27b4ab3b3c8b72e76dec7.png.webp",""
"book1125","The Hanoi Digest 5",2019,120000,200,"[""627755097241ae166e05fb0e""]","[""62957e7dd4da46ee1fe04990""]","6291e7574d457e5132f5d95a","hanoi-digest-25","18 x 15","Hay",10,"https://salt.tikicdn.com/cache/750x750/ts/product/53/ee/cb/a4d2aa35adf27b4ab3b3c8b72e76dec7.png.webp",""